Workbook

Sheet Assumptions
A1: Metric | B1: Value | C1: Unit | D1: Source | E1: Notes
A2: USD:INR rate | B2: 95.8 | C2: rate | D2: Federal Reserve H.10 release, 14 Sep 2026 (via TradingEconomics/other trackers, 22 Sep 2026 read) | E2: Used only to convert the global $32-35 AOV figure into INR
A3: AOV — India blended, low | B3: 32 | C3: USD | D3: Social Samosa / Whalesbook, citing 3M+ order analysis, first five months of 2026 | E3: India e-commerce blended AOV rose $32 to $35 in the period
A4: AOV — India blended, high | B4: 35 | C4: USD | D4: Social Samosa / Whalesbook, citing 3M+ order analysis, first five months of 2026 | E4: India e-commerce blended AOV rose $32 to $35 in the period
A5: AOV — India blended (INR, derived) | B5: =AVERAGE(B3:B4)*B2 | C5: INR | D5: Derived | E5: =average($/order) x FX rate
A7: -- Display channel --
A8: Display CTR | B8: 0.46 | C8: % | D8: WebFX — 2026 Google Ads Benchmarks | E8: Global average display CTR
A9: Display CVR | B9: 0.57 | C9: % | D9: WebFX — 2026 Google Ads Benchmarks | E9: Global average display conversion rate (of clicks)
A10: Display CPC — global | B10: 0.63 | C10: USD | D10: WebFX — 2026 Google Ads Benchmarks | E10: Global average display CPC
A11: India CPC discount — low | B11: 70 | C11: % | D11: OwlClaw — PPC Benchmarks India 2026 | E11: India CPCs reported 70-85% lower than US averages
A12: India CPC discount — high | B12: 85 | C12: % | D12: OwlClaw — PPC Benchmarks India 2026 | E12: India CPCs reported 70-85% lower than US averages
A13: Display CPC — India (derived) | B13: =B10*(1-AVERAGE(B11:B12)/100)*B2 | C13: INR | D13: Derived | E13: global CPC x (1 - avg India discount) x FX
A14: Display CPM (derived) | B14: =B13*(B8/100)*1000 | C14: INR | D14: Derived | E14: CPC x CTR_fraction x 1000
A16: -- Shopping / Sponsored channel --
A17: Shopping CTR | B17: 5.75 | C17: % | D17: OwlClaw — PPC Benchmarks India 2026 | E17: India search-campaign CTR range 4.5-7%25, midpoint used as proxy for sponsored/shopping placements
A18: Shopping CVR | B18: 1.91 | C18: % | D18: Store Growers — Google Shopping Ads Benchmarks 2026 | E18: Global average Shopping-visitor conversion rate; India-specific not available
A19: Shopping CPC — India, low | B19: 5 | C19: INR | D19: OwlClaw — Google Shopping Benchmarks 2026 | E19: India Google Shopping CPC range
A20: Shopping CPC — India, high | B20: 15 | C20: INR | D20: OwlClaw — Google Shopping Benchmarks 2026 | E20: India Google Shopping CPC range
A21: Shopping CPC — India (mid, derived) | B21: =AVERAGE(B19:B20) | C21: INR | D21: Derived | E21: midpoint of disclosed range
A22: Shopping CPM (derived) | B22: =B21*(B17/100)*1000 | C22: INR | D22: Derived | E22: CPC x CTR_fraction x 1000
A24: -- Campaign assumptions (illustrative — replace before any resume claim) --
A25: Fixed campaign cost | B25: 75000 | C25: INR | D25: ASSUMPTION — not sourced | E25: Illustrative creative production + ad-ops fixed fee; replace with a real rate card figure before any resume claim
A26: Incrementality haircut (base) | B26: 30 | C26: % | D26: ASSUMPTION — not sourced | E26: Fraction of attributed revenue assumed to have happened anyway without the campaign; a real haircut requires a holdout test
A27: Test spend | B27: 500000 | C27: INR | D27: Illustrative | E27: Editable — drives Funnel Model

Sheet Funnel_Model
A1: Channel | B1: Spend (INR) | C1: CPM (INR) | D1: Impressions | E1: CTR % | F1: Clicks | G1: CVR % | H1: Orders | I1: AOV (INR) | J1: Gross Revenue (INR) | K1: Haircut % | L1: Incremental Revenue (INR) | M1: Incremental ROAS | N1: Break-even Spend (INR)
A2: Display | B2: =Assumptions!B27 | C2: =Assumptions!B14 | D2: =B2/C2*1000 | E2: =Assumptions!B8 | F2: =D2*(E2/100) | G2: =Assumptions!B9 | H2: =F2*(G2/100) | I2: =Assumptions!B5 | J2: =H2*I2 | K2: =Assumptions!B26 | L2: =J2*(1-K2/100) | M2: =L2/B2 | N2: =IF(M2>1,Assumptions!B25/(M2-1),"NEVER")
A3: Shopping | B3: =Assumptions!B27 | C3: =Assumptions!B22 | D3: =B3/C3*1000 | E3: =Assumptions!B17 | F3: =D3*(E3/100) | G3: =Assumptions!B18 | H3: =F3*(G3/100) | I3: =Assumptions!B5 | J3: =H3*I3 | K3: =Assumptions!B26 | L3: =J3*(1-K3/100) | M3: =L3/B3 | N3: =IF(M3>1,Assumptions!B25/(M3-1),"NEVER")

Sheet Sensitivity
A1: Channel | B1: Lever | C1: Direction | D1: Delta % | E1: Resulting Incremental ROAS | F1: vs Base ROAS
A2: Display | B2: CTR | C2: low | D2: -20 | E2: =((((((Assumptions!B27/Assumptions!B14*1000)*(Assumptions!B8*(1+-20/100))/100)*(Assumptions!B9)/100)*Assumptions!B5)*(1-(Assumptions!B26)/100))/Assumptions!B27) | F2: =((((((Assumptions!B27/Assumptions!B14*1000)*(Assumptions!B8*(1+-20/100))/100)*(Assumptions!B9)/100)*Assumptions!B5)*(1-(Assumptions!B26)/100))/Assumptions!B27)-Funnel_Model!M2
A3: Display | B3: CTR | C3: high | D3: 20 | E3: =((((((Assumptions!B27/Assumptions!B14*1000)*(Assumptions!B8*(1+20/100))/100)*(Assumptions!B9)/100)*Assumptions!B5)*(1-(Assumptions!B26)/100))/Assumptions!B27) | F3: =((((((Assumptions!B27/Assumptions!B14*1000)*(Assumptions!B8*(1+20/100))/100)*(Assumptions!B9)/100)*Assumptions!B5)*(1-(Assumptions!B26)/100))/Assumptions!B27)-Funnel_Model!M2
A4: Display | B4: CVR | C4: low | D4: -20 | E4: =((((((Assumptions!B27/Assumptions!B14*1000)*(Assumptions!B8)/100)*(Assumptions!B9*(1+-20/100))/100)*Assumptions!B5)*(1-(Assumptions!B26)/100))/Assumptions!B27) | F4: =((((((Assumptions!B27/Assumptions!B14*1000)*(Assumptions!B8)/100)*(Assumptions!B9*(1+-20/100))/100)*Assumptions!B5)*(1-(Assumptions!B26)/100))/Assumptions!B27)-Funnel_Model!M2
A5: Display | B5: CVR | C5: high | D5: 20 | E5: =((((((Assumptions!B27/Assumptions!B14*1000)*(Assumptions!B8)/100)*(Assumptions!B9*(1+20/100))/100)*Assumptions!B5)*(1-(Assumptions!B26)/100))/Assumptions!B27) | F5: =((((((Assumptions!B27/Assumptions!B14*1000)*(Assumptions!B8)/100)*(Assumptions!B9*(1+20/100))/100)*Assumptions!B5)*(1-(Assumptions!B26)/100))/Assumptions!B27)-Funnel_Model!M2
A6: Display | B6: Haircut | C6: low | D6: -20 | E6: =((((((Assumptions!B27/Assumptions!B14*1000)*(Assumptions!B8)/100)*(Assumptions!B9)/100)*Assumptions!B5)*(1-(Assumptions!B26*(1+-20/100))/100))/Assumptions!B27) | F6: =((((((Assumptions!B27/Assumptions!B14*1000)*(Assumptions!B8)/100)*(Assumptions!B9)/100)*Assumptions!B5)*(1-(Assumptions!B26*(1+-20/100))/100))/Assumptions!B27)-Funnel_Model!M2
A7: Display | B7: Haircut | C7: high | D7: 20 | E7: =((((((Assumptions!B27/Assumptions!B14*1000)*(Assumptions!B8)/100)*(Assumptions!B9)/100)*Assumptions!B5)*(1-(Assumptions!B26*(1+20/100))/100))/Assumptions!B27) | F7: =((((((Assumptions!B27/Assumptions!B14*1000)*(Assumptions!B8)/100)*(Assumptions!B9)/100)*Assumptions!B5)*(1-(Assumptions!B26*(1+20/100))/100))/Assumptions!B27)-Funnel_Model!M2
A8: Shopping | B8: CTR | C8: low | D8: -20 | E8: =((((((Assumptions!B27/Assumptions!B22*1000)*(Assumptions!B17*(1+-20/100))/100)*(Assumptions!B18)/100)*Assumptions!B5)*(1-(Assumptions!B26)/100))/Assumptions!B27) | F8: =((((((Assumptions!B27/Assumptions!B22*1000)*(Assumptions!B17*(1+-20/100))/100)*(Assumptions!B18)/100)*Assumptions!B5)*(1-(Assumptions!B26)/100))/Assumptions!B27)-Funnel_Model!M3
A9: Shopping | B9: CTR | C9: high | D9: 20 | E9: =((((((Assumptions!B27/Assumptions!B22*1000)*(Assumptions!B17*(1+20/100))/100)*(Assumptions!B18)/100)*Assumptions!B5)*(1-(Assumptions!B26)/100))/Assumptions!B27) | F9: =((((((Assumptions!B27/Assumptions!B22*1000)*(Assumptions!B17*(1+20/100))/100)*(Assumptions!B18)/100)*Assumptions!B5)*(1-(Assumptions!B26)/100))/Assumptions!B27)-Funnel_Model!M3
A10: Shopping | B10: CVR | C10: low | D10: -20 | E10: =((((((Assumptions!B27/Assumptions!B22*1000)*(Assumptions!B17)/100)*(Assumptions!B18*(1+-20/100))/100)*Assumptions!B5)*(1-(Assumptions!B26)/100))/Assumptions!B27) | F10: =((((((Assumptions!B27/Assumptions!B22*1000)*(Assumptions!B17)/100)*(Assumptions!B18*(1+-20/100))/100)*Assumptions!B5)*(1-(Assumptions!B26)/100))/Assumptions!B27)-Funnel_Model!M3
A11: Shopping | B11: CVR | C11: high | D11: 20 | E11: =((((((Assumptions!B27/Assumptions!B22*1000)*(Assumptions!B17)/100)*(Assumptions!B18*(1+20/100))/100)*Assumptions!B5)*(1-(Assumptions!B26)/100))/Assumptions!B27) | F11: =((((((Assumptions!B27/Assumptions!B22*1000)*(Assumptions!B17)/100)*(Assumptions!B18*(1+20/100))/100)*Assumptions!B5)*(1-(Assumptions!B26)/100))/Assumptions!B27)-Funnel_Model!M3
A12: Shopping | B12: Haircut | C12: low | D12: -20 | E12: =((((((Assumptions!B27/Assumptions!B22*1000)*(Assumptions!B17)/100)*(Assumptions!B18)/100)*Assumptions!B5)*(1-(Assumptions!B26*(1+-20/100))/100))/Assumptions!B27) | F12: =((((((Assumptions!B27/Assumptions!B22*1000)*(Assumptions!B17)/100)*(Assumptions!B18)/100)*Assumptions!B5)*(1-(Assumptions!B26*(1+-20/100))/100))/Assumptions!B27)-Funnel_Model!M3
A13: Shopping | B13: Haircut | C13: high | D13: 20 | E13: =((((((Assumptions!B27/Assumptions!B22*1000)*(Assumptions!B17)/100)*(Assumptions!B18)/100)*Assumptions!B5)*(1-(Assumptions!B26*(1+20/100))/100))/Assumptions!B27) | F13: =((((((Assumptions!B27/Assumptions!B22*1000)*(Assumptions!B17)/100)*(Assumptions!B18)/100)*Assumptions!B5)*(1-(Assumptions!B26*(1+20/100))/100))/Assumptions!B27)-Funnel_Model!M3
